files_copied,files_deleted,files_opened,files_written,has_pcap,http_conversations,ip_traffic,modules_loaded,mutexes_created,mutexes_opened,processes_created,services_opened
files_copied,files_deleted,files_opened,files_written,has_pcap,http_conversations,ip_traffic,modules_loaded,mutexes_created,mutexes_opened,processes_created,services_opened
files_opened,has_pcap,modules_loaded,mutexes_created,processes_created
files_copied,files_deleted,files_opened,files_written,has_pcap,http_conversations,ip_traffic,modules_loaded,mutexes_created,mutexes_opened,processes_created,services_opened,signals_hooked
files_opened,files_written,has_pcap,modules_loaded,mutexes_created,processes_created
files_copied,files_deleted,files_opened,files_written,has_pcap,http_conversations,ip_traffic,modules_loaded,mutexes_created,mutexes_opened,processes_created,services_opened
files_copied,files_opened,files_written,has_pcap,modules_loaded,mutexes_created,processes_created,signals_hooked
files_copied,files_opened,files_written,has_pcap,modules_loaded,mutexes_created,processes_created
files_copied,files_deleted,files_opened,files_written,has_pcap,http_conversations,ip_traffic,modules_loaded,mutexes_created,mutexes_opened,processes_created,services_opened,signals_hooked
files_copied,files_deleted,files_opened,files_written,has_pcap,http_conversations,ip_traffic,modules_loaded,mutexes_created,mutexes_opened,processes_created,services_opened,signals_hooked
files_copied,files_deleted,files_opened,files_written,has_pcap,http_conversations,ip_traffic,modules_loaded,mutexes_created,processes_created,services_opened
files_copied,files_opened,files_written,has_pcap,modules_loaded,mutexes_created,processes_created,processes_injected,signals_hooked
crypto_plain_text,files_copied,files_opened,has_pcap,modules_loaded,mutexes_created,processes_terminated,processes_tree,registry_keys_opened,tags
calls_highlighted,crypto_plain_text,files_copied,files_deleted,files_opened,has_pcap,modules_loaded,mutexes_created,processes_terminated,processes_tree,registry_keys_opened,tags
files_opened,has_pcap,modules_loaded,mutexes_created,processes_created
files_copied,files_deleted,files_opened,files_written,has_pcap,modules_loaded,mutexes_created,mutexes_opened,processes_created,services_opened
files_opened,files_written,has_pcap,modules_loaded,mutexes_created,processes_created,processes_injected
files_copied,files_deleted,files_opened,files_written,has_pcap,http_conversations,ip_traffic,modules_loaded,mutexes_created,mutexes_opened,processes_created,services_opened
calls_highlighted,crypto_plain_text,files_copied,files_deleted,files_opened,has_pcap,modules_loaded,mutexes_created,processes_terminated,processes_tree,registry_keys_opened,services_created,services_opened,tags
files_opened,files_written,has_pcap,modules_loaded,mutexes_created,processes_created
files_copied,files_deleted,files_opened,files_written,has_pcap,modules_loaded,mutexes_created,mutexes_opened,processes_created,services_opened
crypto_plain_text,files_copied,files_deleted,files_opened,has_pcap,modules_loaded,mutexes_created,processes_terminated,processes_tree,registry_keys_opened,services_created,services_opened,tags
files_opened,files_written,has_pcap,http_conversations,ip_traffic,modules_loaded,mutexes_created,processes_created,signals_hooked
files_opened,files_written,has_pcap,modules_loaded,mutexes_created,processes_created,processes_injected
crypto_plain_text,files_copied,files_deleted,files_opened,has_pcap,modules_loaded,mutexes_created,processes_terminated,processes_tree,registry_keys_opened,services_created,services_opened,tags
files_copied,files_deleted,files_opened,files_written,has_pcap,modules_loaded,mutexes_created,mutexes_opened,processes_created,services_opened,signals_hooked
files_deleted,files_opened,files_written,has_pcap,ip_traffic,modules_loaded,mutexes_created,mutexes_opened,services_opened
files_opened,files_written,has_pcap,ip_traffic,modules_loaded,mutexes_created,mutexes_opened,services_opened
