files_copied,files_deleted,files_opened,files_written,has_pcap,modules_loaded,mutexes_created,mutexes_opened,processes_created,services_opened
files_opened,files_written,has_pcap,modules_loaded,processes_injected
files_opened,files_written,has_pcap,modules_loaded,mutexes_created,processes_created,processes_injected
files_copied,files_deleted,files_opened,files_written,has_pcap,modules_loaded,mutexes_created,mutexes_opened,processes_created,services_opened
files_copied,files_deleted,files_opened,files_written,has_pcap,modules_loaded,mutexes_created,mutexes_opened,processes_created,services_opened
crypto_plain_text,files_copied,files_deleted,files_opened,has_pcap,modules_loaded,mutexes_created,processes_terminated,processes_tree,registry_keys_opened,services_created,services_opened,tags
files_opened,files_written,has_pcap,modules_loaded,mutexes_created,processes_created,processes_injected
files_copied,files_deleted,files_opened,files_written,has_pcap,http_conversations,ip_traffic,modules_loaded,mutexes_created,mutexes_opened,processes_created,services_opened
files_opened,files_written,has_pcap,modules_loaded,processes_injected
files_copied,files_deleted,files_opened,files_written,has_pcap,modules_loaded,mutexes_created,mutexes_opened,processes_created,services_opened
calls_highlighted,files_copied,files_opened,files_written,has_pcap,modules_loaded,mutexes_created,processes_terminated,processes_tree,registry_keys_opened,tags,text_highlighted
calls_highlighted,crypto_plain_text,files_copied,files_deleted,files_opened,has_pcap,modules_loaded,mutexes_created,processes_terminated,processes_tree,registry_keys_opened,services_created,tags,text_highlighted
files_opened,files_written,has_pcap,modules_loaded,mutexes_created,processes_created,processes_injected
files_opened,files_written,has_pcap,modules_loaded,mutexes_created,processes_created
files_copied,files_deleted,files_opened,files_written,has_pcap,modules_loaded,mutexes_created,processes_created,services_opened
files_copied,files_deleted,files_opened,files_written,has_pcap,http_conversations,ip_traffic,modules_loaded,mutexes_created,mutexes_opened,processes_created,services_opened,signals_hooked
files_opened,files_written,has_pcap,modules_loaded,mutexes_created,processes_created,processes_injected
files_copied,files_deleted,files_opened,files_written,has_pcap,http_conversations,ip_traffic,modules_loaded,mutexes_created,mutexes_opened,processes_created,services_opened,signals_hooked
files_copied,files_deleted,files_opened,files_written,has_pcap,http_conversations,ip_traffic,modules_loaded,mutexes_created,mutexes_opened,processes_created,services_opened
calls_highlighted,crypto_plain_text,files_copied,files_deleted,files_opened,has_pcap,modules_loaded,mutexes_created,processes_terminated,processes_tree,registry_keys_opened,tags
files_copied,files_deleted,files_opened,files_written,has_pcap,http_conversations,ip_traffic,modules_loaded,mutexes_created,mutexes_opened,processes_created,services_opened,signals_hooked
files_opened,files_written,has_pcap,modules_loaded,mutexes_created,processes_created,processes_injected
files_opened,files_written,has_pcap,modules_loaded,mutexes_created,processes_created,processes_injected
files_opened,has_pcap,modules_loaded,mutexes_created,processes_created
crypto_plain_text,files_copied,files_deleted,files_opened,has_pcap,modules_loaded,mutexes_created,processes_terminated,processes_tree,registry_keys_opened,services_created,tags
files_opened,files_written,has_pcap,modules_loaded,mutexes_created,processes_created
files_opened,has_pcap,modules_loaded,mutexes_created,processes_created
files_opened,files_written,has_pcap,modules_loaded,mutexes_created,processes_created
files_opened,files_written,has_pcap,modules_loaded,mutexes_created,processes_created
files_opened,files_written,has_pcap,modules_loaded,mutexes_created,processes_created,processes_injected
files_opened,files_written,has_pcap,modules_loaded,mutexes_created,processes_created,processes_injected
files_opened,files_written,has_pcap,modules_loaded,mutexes_created,processes_created,processes_injected
files_opened,files_written,has_pcap,modules_loaded,mutexes_created,processes_created,processes_injected,signals_hooked
files_copied,files_deleted,files_opened,files_written,has_pcap,http_conversations,ip_traffic,modules_loaded,mutexes_created,mutexes_opened,processes_created,services_opened
files_copied,files_deleted,files_opened,files_written,has_pcap,http_conversations,ip_traffic,modules_loaded,mutexes_created,mutexes_opened,processes_created,services_opened
files_copied,files_deleted,files_opened,files_written,has_pcap,modules_loaded,mutexes_created,mutexes_opened,processes_created,services_opened
files_copied,files_deleted,files_opened,files_written,has_pcap,modules_loaded,mutexes_created,mutexes_opened,processes_created,services_opened
files_copied,files_deleted,files_opened,files_written,has_pcap,modules_loaded,mutexes_created,mutexes_opened,processes_created,services_opened
files_copied,files_deleted,files_opened,files_written,has_pcap,http_conversations,ip_traffic,modules_loaded,mutexes_created,mutexes_opened,processes_created,services_opened
calls_highlighted,crypto_plain_text,files_deleted,files_opened,has_pcap,modules_loaded,mutexes_created,processes_terminated,processes_tree,registry_keys_opened,tags
files_copied,files_deleted,files_opened,files_written,has_pcap,http_conversations,ip_traffic,modules_loaded,mutexes_created,mutexes_opened,processes_created,services_opened
files_opened,files_written,has_pcap,modules_loaded,mutexes_created,processes_created,processes_injected
files_copied,files_deleted,files_opened,files_written,has_pcap,modules_loaded,mutexes_created,mutexes_opened,processes_created,services_opened
files_copied,files_deleted,files_opened,files_written,has_pcap,http_conversations,ip_traffic,modules_loaded,mutexes_created,mutexes_opened,processes_created,services_opened
files_opened,files_written,has_pcap,modules_loaded,mutexes_created,processes_created,processes_injected
calls_highlighted,files_copied,files_opened,files_written,has_pcap,modules_loaded,mutexes_created,processes_terminated,processes_tree,registry_keys_opened,tags,text_highlighted
calls_highlighted,files_copied,files_opened,files_written,has_pcap,modules_loaded,mutexes_created,processes_terminated,processes_tree,registry_keys_opened,tags,text_highlighted
crypto_plain_text,files_copied,files_deleted,files_opened,has_pcap,modules_loaded,mutexes_created,processes_terminated,processes_tree,registry_keys_opened,tags
files_copied,files_deleted,files_opened,files_written,has_pcap,http_conversations,ip_traffic,modules_loaded,mutexes_created,mutexes_opened,processes_created,services_opened,signals_hooked
files_copied,files_deleted,files_opened,files_written,has_pcap,modules_loaded,mutexes_created,mutexes_opened,processes_created,services_opened
files_copied,files_deleted,files_opened,files_written,has_pcap,http_conversations,ip_traffic,modules_loaded,mutexes_created,mutexes_opened,processes_created,services_opened,signals_hooked
files_copied,files_deleted,files_opened,files_written,has_pcap,modules_loaded,mutexes_created,processes_created,services_opened
files_copied,files_deleted,files_opened,has_pcap,http_conversations,ip_traffic,modules_loaded,mutexes_created,mutexes_opened,processes_created,services_opened,signals_hooked
calls_highlighted,files_copied,files_opened,files_written,has_pcap,modules_loaded,mutexes_created,processes_terminated,processes_tree,registry_keys_opened,tags,text_highlighted
files_copied,files_deleted,files_opened,files_written,has_pcap,http_conversations,ip_traffic,modules_loaded,mutexes_created,mutexes_opened,processes_created,services_opened,signals_hooked
files_copied,files_deleted,files_opened,files_written,has_pcap,http_conversations,ip_traffic,modules_loaded,mutexes_created,mutexes_opened,processes_created,services_opened
crypto_plain_text,files_copied,files_deleted,files_opened,has_pcap,modules_loaded,mutexes_created,processes_terminated,processes_tree,registry_keys_opened,services_created,tags
files_opened,files_written,has_pcap,http_conversations,ip_traffic,modules_loaded,mutexes_created,processes_created
files_copied,files_deleted,files_opened,files_written,has_pcap,http_conversations,ip_traffic,modules_loaded,mutexes_created,mutexes_opened,processes_created,services_opened,signals_hooked
has_pcap,modules_loaded
has_pcap,modules_loaded
has_pcap,modules_loaded
has_pcap,modules_loaded
has_pcap,modules_loaded
has_pcap,modules_loaded
has_pcap,modules_loaded
has_pcap,modules_loaded
has_pcap,modules_loaded
has_pcap,modules_loaded
has_pcap,modules_loaded
has_pcap,modules_loaded
files_opened,has_pcap,modules_loaded,mutexes_created,mutexes_opened,services_opened
has_pcap,modules_loaded
has_pcap,modules_loaded
has_pcap,modules_loaded
has_pcap,modules_loaded
has_pcap,modules_loaded
has_pcap,modules_loaded
files_opened,has_pcap,modules_loaded,mutexes_created,processes_created
has_pcap,modules_loaded
has_pcap,modules_loaded
files_opened,has_pcap,modules_loaded,mutexes_created,processes_created
has_pcap,modules_loaded
files_opened,has_pcap,modules_loaded
has_pcap,modules_loaded
dns_lookups,has_pcap
files_opened,has_pcap,modules_loaded
files_opened,has_pcap,modules_loaded,mutexes_created,processes_created
files_opened,has_pcap,modules_loaded
has_pcap,modules_loaded
files_opened,has_pcap,http_conversations,ip_traffic,modules_loaded,mutexes_created,mutexes_opened,services_opened
